{
  "best_f1": {
    "threshold": 0.0114,
    "f1": 0.0003881764333774225,
    "precision": 0.0001941384566711726,
    "recall": 0.75,
    "tn": null,
    "fp": 139049,
    "fn": 9,
    "tp": 27
  },
  "far_grid_val": {
    "1e-06": {
      "threshold": 0.011298678669760268,
      "fpr": 1.0,
      "tpr": 1.0,
      "precision": 0.0001911365723903221,
      "recall": 1.0
    },
    "5e-06": {
      "threshold": 0.011298678669760268,
      "fpr": 1.0,
      "tpr": 1.0,
      "precision": 0.0001911365723903221,
      "recall": 1.0
    },
    "1e-05": {
      "threshold": 0.2692135473947597,
      "fpr": 5.3103642378830765e-06,
      "tpr": 0.0,
      "precision": 0.0,
      "recall": 0.0
    },
    "5e-05": {
      "threshold": 0.2692135473947597,
      "fpr": 5.3103642378830765e-06,
      "tpr": 0.0,
      "precision": 0.0,
      "recall": 0.0
    },
    "0.0001": {
      "threshold": 0.2692135473947597,
      "fpr": 5.3103642378830765e-06,
      "tpr": 0.0,
      "precision": 0.0,
      "recall": 0.0
    },
    "0.0005": {
      "threshold": 0.2692135473947597,
      "fpr": 5.3103642378830765e-06,
      "tpr": 0.0,
      "precision": 0.0,
      "recall": 0.0
    },
    "0.001": {
      "threshold": 0.2692135473947597,
      "fpr": 5.3103642378830765e-06,
      "tpr": 0.0,
      "precision": 0.0,
      "recall": 0.0
    },
    "0.005": {
      "threshold": 0.2692135473947597,
      "fpr": 5.3103642378830765e-06,
      "tpr": 0.0,
      "precision": 0.0,
      "recall": 0.0
    },
    "0.01": {
      "threshold": 0.2692135473947597,
      "fpr": 5.3103642378830765e-06,
      "tpr": 0.0,
      "precision": 0.0,
      "recall": 0.0
    }
  },
  "strategy_used": "best_f1",
  "threshold_used": 0.0114
}