{
  "model": "logreg",
  "train_rows": 9282,
  "val_rows": 32756,
  "test_rows": 32756,
  "train_time_sec": 0.054,
  "threshold_strategy": "best_f1",
  "chosen_threshold": 0.02218131512873447,
  "downsampling": {
    "enabled": true,
    "max_neg_per_pos": 50
  },
  "val": {
    "roc_auc": 0.5663009941502589,
    "pr_ap": 0.0029140701791770794,
    "best_f1": {
      "f1": 0.023980815347721826,
      "precision": 0.013550135501355014,
      "recall": 0.10416666666666667,
      "tn": 32344,
      "fp": 364,
      "fn": 43,
      "tp": 5
    }
  },
  "val_far_thresholds": {
    "0.001": {
      "threshold": 0.3377923188260156,
      "fpr": 3.057355998532469e-05,
      "tpr": 0.0,
      "precision": 0.0,
      "recall": 0.0
    },
    "0.005": {
      "threshold": 0.3377923188260156,
      "fpr": 3.057355998532469e-05,
      "tpr": 0.0,
      "precision": 0.0,
      "recall": 0.0
    },
    "0.01": {
      "threshold": 0.3377923188260156,
      "fpr": 3.057355998532469e-05,
      "tpr": 0.0,
      "precision": 0.0,
      "recall": 0.0
    },
    "0.02": {
      "threshold": 0.3377923188260156,
      "fpr": 3.057355998532469e-05,
      "tpr": 0.0,
      "precision": 0.0,
      "recall": 0.0
    },
    "0.05": {
      "threshold": 0.3377923188260156,
      "fpr": 3.057355998532469e-05,
      "tpr": 0.0,
      "precision": 0.0,
      "recall": 0.0
    }
  },
  "test": {
    "roc_auc": 0.5192375968946297,
    "pr_ap": 0.0018545600915613135,
    "tn": 32672,
    "fp": 35,
    "fn": 49,
    "tp": 0,
    "precision": 0.0,
    "recall": 0.0,
    "fpr": 0.0010701073164765952
  }
}