{
  "best_f1": {
    "threshold": 0.02218131512873447,
    "f1": 0.023980815347721826,
    "precision": 0.013550135501355014,
    "recall": 0.10416666666666667,
    "tn": 32344,
    "fp": 364,
    "fn": 43,
    "tp": 5
  },
  "far_grid_val": {
    "0.001": {
      "threshold": 0.3377923188260156,
      "fpr": 3.057355998532469e-05,
      "tpr": 0.0,
      "precision": 0.0,
      "recall": 0.0
    },
    "0.005": {
      "threshold": 0.3377923188260156,
      "fpr": 3.057355998532469e-05,
      "tpr": 0.0,
      "precision": 0.0,
      "recall": 0.0
    },
    "0.01": {
      "threshold": 0.3377923188260156,
      "fpr": 3.057355998532469e-05,
      "tpr": 0.0,
      "precision": 0.0,
      "recall": 0.0
    },
    "0.02": {
      "threshold": 0.3377923188260156,
      "fpr": 3.057355998532469e-05,
      "tpr": 0.0,
      "precision": 0.0,
      "recall": 0.0
    },
    "0.05": {
      "threshold": 0.3377923188260156,
      "fpr": 3.057355998532469e-05,
      "tpr": 0.0,
      "precision": 0.0,
      "recall": 0.0
    }
  },
  "strategy_used": "best_f1",
  "threshold_used": 0.02218131512873447
}