{
  "model": "logreg",
  "train_rows": 9945,
  "val_rows": 188347,
  "test_rows": 188347,
  "train_time_sec": 0.039,
  "threshold_strategy": "best_f1",
  "chosen_threshold": 0.0212,
  "downsampling": {
    "enabled": true,
    "max_neg_per_pos": 50
  },
  "val": {
    "roc_auc": 0.8336771794177362,
    "pr_ap": 0.0007760078104559237,
    "best_f1": {
      "f1": 0.0007327498473437818,
      "precision": 0.00036650920345333117,
      "recall": 1.0,
      "tn": null,
      "fp": 98188,
      "fn": 0,
      "tp": 36
    }
  },
  "val_far_thresholds": {
    "0.001": {
      "threshold": 0.249449176609116,
      "fpr": 5.3103642378830765e-06,
      "tpr": 0.0,
      "precision": 0.0,
      "recall": 0.0
    },
    "0.005": {
      "threshold": 0.249449176609116,
      "fpr": 5.3103642378830765e-06,
      "tpr": 0.0,
      "precision": 0.0,
      "recall": 0.0
    },
    "0.01": {
      "threshold": 0.249449176609116,
      "fpr": 5.3103642378830765e-06,
      "tpr": 0.0,
      "precision": 0.0,
      "recall": 0.0
    },
    "0.02": {
      "threshold": 0.249449176609116,
      "fpr": 5.3103642378830765e-06,
      "tpr": 0.0,
      "precision": 0.0,
      "recall": 0.0
    },
    "0.05": {
      "threshold": 0.249449176609116,
      "fpr": 5.3103642378830765e-06,
      "tpr": 0.0,
      "precision": 0.0,
      "recall": 0.0
    }
  },
  "test": {
    "roc_auc": 0.5556001248900242,
    "pr_ap": 0.00028499059139275567,
    "tn": 65633,
    "fp": 122666,
    "fn": 0,
    "tp": 48,
    "precision": 0.0003911534136284368,
    "recall": 1.0,
    "fpr": 0.651442652377336
  }
}