{
  "best_f1": {
    "threshold": 0.0212,
    "f1": 0.0007327498473437818,
    "precision": 0.00036650920345333117,
    "recall": 1.0,
    "tn": null,
    "fp": 98188,
    "fn": 0,
    "tp": 36
  },
  "far_grid_val": {
    "0.001": {
      "threshold": 0.249449176609116,
      "fpr": 5.3103642378830765e-06,
      "tpr": 0.0,
      "precision": 0.0,
      "recall": 0.0
    },
    "0.005": {
      "threshold": 0.249449176609116,
      "fpr": 5.3103642378830765e-06,
      "tpr": 0.0,
      "precision": 0.0,
      "recall": 0.0
    },
    "0.01": {
      "threshold": 0.249449176609116,
      "fpr": 5.3103642378830765e-06,
      "tpr": 0.0,
      "precision": 0.0,
      "recall": 0.0
    },
    "0.02": {
      "threshold": 0.249449176609116,
      "fpr": 5.3103642378830765e-06,
      "tpr": 0.0,
      "precision": 0.0,
      "recall": 0.0
    },
    "0.05": {
      "threshold": 0.249449176609116,
      "fpr": 5.3103642378830765e-06,
      "tpr": 0.0,
      "precision": 0.0,
      "recall": 0.0
    }
  },
  "strategy_used": "best_f1",
  "threshold_used": 0.0212
}