{
  "best_f1": {
    "threshold": 0.0114,
    "f1": 0.0003881764333774225,
    "precision": 0.0001941384566711726,
    "recall": 0.75,
    "tn": null,
    "fp": 139049,
    "fn": 9,
    "tp": 27
  },
  "target_far": {
    "target": 0.01,
    "threshold": 0.26921358704566956,
    "fpr": 0.0,
    "tpr": 0.0,
    "precision": 0.0,
    "recall": 0.0
  },
  "far_report_grid": {
    "1e-06": {
      "threshold": 1.0,
      "fpr": 0.0,
      "tpr": 0.0,
      "precision": 1.0,
      "recall": 0.0
    },
    "5e-06": {
      "threshold": 1.0,
      "fpr": 0.0,
      "tpr": 0.0,
      "precision": 1.0,
      "recall": 0.0
    },
    "1e-05": {
      "threshold": 0.26921358704566956,
      "fpr": 0.0,
      "tpr": 0.0,
      "precision": 0.0,
      "recall": 0.0
    },
    "0.0005": {
      "threshold": 0.26921358704566956,
      "fpr": 0.0,
      "tpr": 0.0,
      "precision": 0.0,
      "recall": 0.0
    },
    "0.001": {
      "threshold": 0.26921358704566956,
      "fpr": 0.0,
      "tpr": 0.0,
      "precision": 0.0,
      "recall": 0.0
    },
    "0.005": {
      "threshold": 0.26921358704566956,
      "fpr": 0.0,
      "tpr": 0.0,
      "precision": 0.0,
      "recall": 0.0
    },
    "0.01": {
      "threshold": 0.26921358704566956,
      "fpr": 0.0,
      "tpr": 0.0,
      "precision": 0.0,
      "recall": 0.0
    }
  },
  "strategy_used": "best_f1",
  "threshold_used": 0.0114
}