{
  "epoch": 12,
  "epochs_total": 12,
  "avg_epoch_sec": 282.2531576037159,
  "eta_seconds": 0.0,
  "eta_hms": "00:00:00",
  "estimated_finish_unix": 1761760907.994007
}