{
  "model": "logreg",
  "train_rows": 10557,
  "val_rows": 188347,
  "test_rows": 188347,
  "train_time_sec": 0.106,
  "threshold_strategy": "best_f1",
  "chosen_threshold": 0.018512535366914867,
  "downsampling": {
    "enabled": true,
    "max_neg_per_pos": 50
  },
  "val": {
    "roc_auc": 0.5469655193470792,
    "pr_ap": 0.00014927035022349196,
    "best_f1": {
      "f1": 0.00037512895057676077,
      "precision": 0.00018759966232060783,
      "recall": 1.0,
      "tn": 60415,
      "fp": 127908,
      "fn": 0,
      "tp": 24
    }
  },
  "val_far_thresholds": {
    "0.001": {
      "threshold": 0.05143055995835216,
      "fpr": 5.3100258598259375e-06,
      "tpr": 0.0,
      "precision": 0.0,
      "recall": 0.0
    },
    "0.005": {
      "threshold": 0.05143055995835216,
      "fpr": 5.3100258598259375e-06,
      "tpr": 0.0,
      "precision": 0.0,
      "recall": 0.0
    },
    "0.01": {
      "threshold": 0.05143055995835216,
      "fpr": 5.3100258598259375e-06,
      "tpr": 0.0,
      "precision": 0.0,
      "recall": 0.0
    },
    "0.02": {
      "threshold": 0.05143055995835216,
      "fpr": 5.3100258598259375e-06,
      "tpr": 0.0,
      "precision": 0.0,
      "recall": 0.0
    },
    "0.05": {
      "threshold": 0.05143055995835216,
      "fpr": 5.3100258598259375e-06,
      "tpr": 0.0,
      "precision": 0.0,
      "recall": 0.0
    }
  },
  "test": {
    "roc_auc": 0.2162997745606721,
    "pr_ap": 0.00015731502095833098,
    "tn": 87101,
    "fp": 101198,
    "fn": 39,
    "tp": 9,
    "precision": 8.892665527088047e-05,
    "recall": 0.1875,
    "fpr": 0.5374324876924466
  }
}