{
  "best_f1": {
    "threshold": 0.018512535366914867,
    "f1": 0.00037512895057676077,
    "precision": 0.00018759966232060783,
    "recall": 1.0,
    "tn": 60415,
    "fp": 127908,
    "fn": 0,
    "tp": 24
  },
  "far_grid_val": {
    "0.001": {
      "threshold": 0.05143055995835216,
      "fpr": 5.3100258598259375e-06,
      "tpr": 0.0,
      "precision": 0.0,
      "recall": 0.0
    },
    "0.005": {
      "threshold": 0.05143055995835216,
      "fpr": 5.3100258598259375e-06,
      "tpr": 0.0,
      "precision": 0.0,
      "recall": 0.0
    },
    "0.01": {
      "threshold": 0.05143055995835216,
      "fpr": 5.3100258598259375e-06,
      "tpr": 0.0,
      "precision": 0.0,
      "recall": 0.0
    },
    "0.02": {
      "threshold": 0.05143055995835216,
      "fpr": 5.3100258598259375e-06,
      "tpr": 0.0,
      "precision": 0.0,
      "recall": 0.0
    },
    "0.05": {
      "threshold": 0.05143055995835216,
      "fpr": 5.3100258598259375e-06,
      "tpr": 0.0,
      "precision": 0.0,
      "recall": 0.0
    }
  },
  "strategy_used": "best_f1",
  "threshold_used": 0.018512535366914867
}